{"agentTypeId":0,"cellSize":1.0299999713897706,"cellHeight":0.10000000149011612,"regionMinSize":46.29999923706055,"regionMergeSize":12.699999809265137,"edgeMaxLen":12.0,"edgeMaxError":1.2999999523162842,"vertsPerPoly":6.0,"detailSampleDist":6.860000133514404,"detailSampleMaxError":2.8399999141693117,"partitionType":0,"tileSize":70.0}